Date,Customer_Segment,Region,Key_Type,Material,Color,Price,Channel,Engagement_Score,Revenue,Customer_Age,Satisfaction_Score
2023-01-01,Gen Z,Urban,Premium,Eco-friendly,Gold,84.02,TikTok,45,4144.82,21,5
2023-01-01,Millennials,Urban,Tech,Metal,Green,97.32,Website,79,3019.18,42,6
2023-01-01,Gen X,Suburban,Standard,Eco-friendly,Black,64.84,Etsy,79,4086.51,49,2
2023-01-01,Gen X,Rural,Standard,Metal,Red,83.55,Instagram,53,4392.17,53,9
2023-01-02,Gen Z,Urban,Tech,Hybrid,Gold,76.38,Etsy,30,1857.63,30,4
2023-01-03,Millennials,Rural,Premium,Eco-friendly,Gold,114.98,Etsy,24,1206.67,40,4
2023-01-03,Gen Z,Urban,Standard,Metal,Gold,76.0,Website,38,4830.32,27,6
2023-01-04,Gen Z,Urban,Standard,Metal,Gold,105.14,Etsy,32,2964.38,22,8
2023-01-04,Gen Z,Rural,Premium,Hybrid,Blue,58.57,Website,47,3331.7,45,3
2023-01-04,Millennials,Urban,Eco,Metal,Blue,94.45,Website,74,4831.74,18,6
2023-01-06,Millennials,Rural,Tech,Hybrid,Red,106.62,TikTok,89,4393.7,28,1
2023-01-07,Gen Z,Rural,Premium,Hybrid,Red,86.79,Website,30,1744.54,38,5
2023-01-09,Gen Z,Urban,Standard,Hybrid,Gold,77.05,Instagram,56,1961.6,29,6
2023-01-10,Gen Z,Urban,Tech,Metal,Blue,53.66,TikTok,57,2879.95,41,3
2023-01-10,Millennials,Suburban,Standard,Metal,Green,98.15,Website,38,1270.01,54,9
2023-01-10,Gen X,Rural,Premium,Hybrid,Green,66.12,Website,88,4388.24,19,4
2023-01-12,Gen X,Rural,Premium,Hybrid,Green,72.06,Instagram,22,3597.29,25,6
2023-01-13,Gen Z,Rural,Standard,Metal,Gold,93.38,Etsy,26,3821.84,39,3
2023-01-14,Gen Z,Suburban,Eco,Metal,Green,84.68,TikTok,46,2483.76,49,6
2023-01-16,Gen Z,Urban,Premium,Plastic,Green,72.4,TikTok,22,3499.5,50,4
2023-01-16,Millennials,Urban,Eco,Eco-friendly,Gold,111.2,Website,27,4860.06,25,7
2023-01-18,Millennials,Suburban,Standard,Plastic,Green,84.19,Website,85,2227.11,30,9
2023-01-18,Gen X,Suburban,Standard,Hybrid,Blue,95.17,Website,82,1302.42,41,7
2023-01-18,Millennials,Rural,Standard,Plastic,Red,90.26,Etsy,27,2286.68,42,6
2023-01-19,Gen Z,Rural,Premium,Eco-friendly,Gold,76.49,Website,22,4560.56,43,2
2023-01-20,Gen Z,Rural,Premium,Plastic,Green,69.22,TikTok,66,2211.66,47,1
2023-01-20,Millennials,Suburban,Eco,Eco-friendly,Red,98.01,Website,89,3993.54,39,6
2023-01-21,Gen Z,Urban,Premium,Metal,Green,107.53,Instagram,44,1304.96,46,3
2023-01-21,Gen Z,Urban,Standard,Plastic,Black,59.87,TikTok,84,2306.97,33,2
2023-01-21,Millennials,Urban,Eco,Plastic,Gold,119.18,TikTok,23,1313.82,30,3
2023-01-22,Gen Z,Rural,Tech,Hybrid,Blue,92.99,Website,65,2215.77,23,6
2023-01-22,Gen X,Urban,Tech,Plastic,Gold,60.43,Etsy,69,3946.14,48,6
2023-01-22,Millennials,Urban,Tech,Metal,Red,84.61,TikTok,68,1421.57,48,6
2023-01-23,Gen X,Urban,Premium,Hybrid,Green,111.55,Etsy,82,2586.21,21,1
2023-01-23,Gen Z,Suburban,Eco,Metal,Blue,101.35,Instagram,63,3689.84,34,4
2023-01-26,Gen X,Rural,Tech,Metal,Black,55.22,TikTok,66,2129.91,28,7
2023-01-26,Gen X,Urban,Eco,Metal,Green,77.8,Etsy,84,2907.6,20,8
2023-01-26,Gen X,Suburban,Eco,Hybrid,Gold,86.03,Instagram,29,3778.38,21,6
2023-01-26,Millennials,Urban,Eco,Metal,Black,59.74,Website,95,2714.81,54,5
2023-01-27,Gen X,Suburban,Premium,Eco-friendly,Red,53.93,Website,32,3954.89,44,2
2023-02-01,Gen Z,Urban,Tech,Hybrid,Blue,83.24,Etsy,47,3186.31,42,1
2023-02-02,Millennials,Urban,Standard,Plastic,Blue,110.85,Etsy,80,2486.96,30,5
2023-02-03,Millennials,Rural,Tech,Eco-friendly,Blue,107.77,Website,43,4924.71,53,9
2023-02-03,Gen X,Urban,Premium,Plastic,Gold,103.66,TikTok,53,1754.16,40,4
2023-02-03,Millennials,Urban,Standard,Hybrid,Black,62.64,TikTok,94,4186.73,31,6
2023-02-04,Millennials,Rural,Eco,Eco-friendly,Black,104.37,Website,45,2569.83,46,5
2023-02-05,Millennials,Suburban,Tech,Eco-friendly,Black,62.14,Etsy,34,1407.57,48,9
2023-02-06,Gen X,Urban,Premium,Hybrid,Red,102.23,Instagram,92,4122.53,28,3
2023-02-07,Millennials,Urban,Premium,Eco-friendly,Gold,119.68,Etsy,59,1248.81,24,3
2023-02-07,Gen X,Rural,Eco,Hybrid,Black,81.54,Website,97,2572.78,48,9
2023-02-08,Millennials,Suburban,Eco,Eco-friendly,Red,102.8,Etsy,37,1883.41,19,2
2023-02-10,Millennials,Suburban,Tech,Metal,Green,109.36,Website,61,2677.79,20,3
2023-02-10,Gen Z,Urban,Tech,Metal,Green,101.8,Etsy,70,2034.85,35,9
2023-02-10,Millennials,Rural,Standard,Eco-friendly,Green,89.51,Instagram,61,1766.37,30,8
2023-02-10,Millennials,Rural,Premium,Metal,Black,90.11,Instagram,83,3537.45,51,7
2023-02-10,Gen X,Rural,Standard,Eco-friendly,Black,51.61,Website,45,1423.62,43,4
2023-02-10,Millennials,Urban,Tech,Eco-friendly,Red,81.51,Website,83,4226.77,20,2
2023-02-10,Gen Z,Urban,Standard,Eco-friendly,Green,118.49,Instagram,97,2160.18,39,8
2023-02-11,Gen Z,Rural,Tech,Metal,Black,87.48,Etsy,80,2199.2,40,4
2023-02-13,Millennials,Suburban,Tech,Metal,Blue,115.07,Website,42,1797.08,37,6
2023-02-13,Millennials,Urban,Standard,Metal,Red,73.88,Instagram,47,1231.38,26,3
2023-02-14,Gen Z,Urban,Eco,Hybrid,Green,80.46,Website,66,1250.11,29,9
2023-02-14,Millennials,Rural,Premium,Metal,Red,93.36,TikTok,92,1155.72,47,9
2023-02-14,Gen X,Rural,Standard,Plastic,Red,88.47,Website,99,4310.03,22,4
2023-02-14,Gen X,Urban,Eco,Hybrid,Green,117.32,Instagram,84,1537.1,24,8
2023-02-15,Gen Z,Rural,Premium,Eco-friendly,Red,60.55,Etsy,59,2411.83,30,9
2023-02-15,Gen X,Suburban,Premium,Plastic,Green,118.24,Etsy,57,2075.41,49,5
2023-02-15,Gen X,Urban,Premium,Plastic,Green,104.08,Etsy,58,3177.93,32,5
2023-02-15,Millennials,Suburban,Premium,Hybrid,Gold,50.49,Etsy,67,4220.36,49,8
2023-02-16,Gen X,Suburban,Eco,Metal,Gold,65.47,Website,65,2239.15,39,6
2023-02-17,Gen Z,Suburban,Eco,Eco-friendly,Black,92.59,TikTok,47,1787.7,32,8
2023-02-17,Millennials,Suburban,Eco,Metal,Red,110.34,Instagram,77,4505.28,47,8
2023-02-18,Gen X,Urban,Premium,Hybrid,Green,87.27,Instagram,38,3666.4,21,3
2023-02-18,Millennials,Suburban,Eco,Hybrid,Gold,56.05,Website,89,1256.03,31,1
2023-02-20,Millennials,Urban,Tech,Plastic,Gold,61.32,Website,47,4774.81,19,6
2023-02-20,Gen X,Suburban,Eco,Hybrid,Blue,57.42,Etsy,85,4135.04,28,9
2023-02-22,Millennials,Suburban,Eco,Hybrid,Red,97.97,TikTok,64,1207.34,45,1
2023-02-24,Gen Z,Urban,Standard,Plastic,Black,103.11,TikTok,81,2386.1,34,9
2023-02-24,Millennials,Rural,Standard,Hybrid,Blue,65.79,TikTok,43,1993.51,35,7
2023-02-24,Millennials,Suburban,Eco,Eco-friendly,Red,111.75,Instagram,73,2204.18,29,9
2023-02-25,Gen X,Rural,Standard,Eco-friendly,Black,91.96,Instagram,98,4464.38,53,5
2023-02-26,Millennials,Suburban,Standard,Hybrid,Green,54.01,Etsy,47,4291.94,30,1
2023-02-26,Gen X,Rural,Standard,Hybrid,Black,61.46,Etsy,32,3185.72,38,9
2023-02-28,Gen Z,Urban,Eco,Hybrid,Red,94.18,TikTok,40,3426.93,52,5
2023-02-28,Millennials,Rural,Tech,Hybrid,Green,66.57,Instagram,63,4298.97,49,2
2023-03-01,Millennials,Urban,Eco,Metal,Black,68.09,TikTok,42,1526.86,18,9
2023-03-02,Gen X,Urban,Eco,Plastic,Black,89.59,Instagram,77,1036.22,32,4
2023-03-02,Millennials,Rural,Standard,Eco-friendly,Black,88.42,Instagram,43,4314.22,43,4
2023-03-02,Gen X,Urban,Premium,Plastic,Blue,84.72,Instagram,92,3873.82,27,8
2023-03-02,Millennials,Suburban,Premium,Metal,Black,58.52,TikTok,78,4678.12,24,1
2023-03-03,Gen X,Rural,Tech,Plastic,Gold,96.71,TikTok,95,1780.96,42,2
2023-03-03,Gen X,Suburban,Tech,Hybrid,Gold,60.95,Instagram,53,2817.38,20,3
2023-03-03,Millennials,Rural,Premium,Hybrid,Blue,52.54,TikTok,21,2484.45,21,2
2023-03-03,Gen X,Rural,Eco,Hybrid,Black,66.02,Website,32,2129.98,43,5
2023-03-04,Millennials,Suburban,Eco,Metal,Green,97.86,Etsy,29,2156.75,34,9
2023-03-05,Gen Z,Rural,Premium,Plastic,Red,59.92,Etsy,68,2592.02,50,9
2023-03-07,Gen X,Urban,Eco,Metal,Green,67.98,Etsy,65,4132.79,35,1
2023-03-07,Millennials,Suburban,Standard,Eco-friendly,Green,69.56,Instagram,94,2211.72,44,9
2023-03-08,Millennials,Urban,Standard,Metal,Gold,90.75,TikTok,43,4243.51,21,8
2023-03-08,Millennials,Urban,Tech,Metal,Blue,66.47,Website,91,2392.38,40,4
2023-03-10,Gen Z,Suburban,Eco,Plastic,Black,75.54,Website,61,3626.52,39,3
2023-03-10,Gen X,Urban,Tech,Eco-friendly,Red,52.66,TikTok,67,1669.29,38,3
2023-03-12,Gen Z,Urban,Eco,Eco-friendly,Green,93.71,Website,76,4708.44,42,9
2023-03-12,Millennials,Rural,Tech,Plastic,Green,97.2,Website,39,3562.46,31,1
2023-03-14,Millennials,Suburban,Standard,Plastic,Black,82.92,Instagram,73,2932.16,28,2
2023-03-15,Millennials,Suburban,Standard,Plastic,Green,53.77,Instagram,91,2001.87,37,1
2023-03-15,Gen X,Suburban,Premium,Metal,Black,112.88,Etsy,84,1116.68,49,9
2023-03-15,Gen Z,Rural,Standard,Hybrid,Gold,117.71,Instagram,65,1742.59,34,2
2023-03-16,Gen Z,Rural,Tech,Hybrid,Red,96.03,Etsy,36,1405.49,40,6
2023-03-16,Gen Z,Urban,Eco,Metal,Black,111.33,Etsy,70,3308.49,48,6
2023-03-16,Gen X,Urban,Premium,Hybrid,Gold,75.69,Etsy,85,1783.33,50,6
2023-03-17,Millennials,Suburban,Standard,Plastic,Red,65.13,Instagram,35,3022.54,35,4
2023-03-18,Millennials,Suburban,Eco,Metal,Gold,97.49,TikTok,93,2590.45,47,4
2023-03-18,Gen X,Suburban,Tech,Plastic,Gold,64.43,Instagram,27,1094.38,54,9
2023-03-18,Millennials,Urban,Standard,Plastic,Green,79.3,Etsy,70,3027.68,32,7
2023-03-23,Gen Z,Suburban,Eco,Plastic,Black,62.38,Etsy,20,4420.12,44,2
2023-03-23,Gen X,Rural,Standard,Metal,Blue,102.84,Instagram,64,3118.64,34,2
2023-03-23,Gen Z,Urban,Tech,Eco-friendly,Black,54.85,Etsy,54,4426.15,41,3
2023-03-23,Gen Z,Suburban,Premium,Plastic,Green,118.46,TikTok,53,3707.76,38,8
2023-03-24,Gen X,Urban,Premium,Hybrid,Green,109.14,Instagram,75,3665.85,20,8
2023-03-25,Gen Z,Suburban,Eco,Metal,Blue,102.31,TikTok,95,2736.08,42,4
2023-03-25,Gen X,Rural,Standard,Eco-friendly,Gold,51.6,Instagram,62,1036.15,19,4
2023-03-26,Millennials,Suburban,Tech,Metal,Gold,117.56,Etsy,35,2150.53,47,1
2023-03-26,Gen X,Suburban,Standard,Plastic,Red,93.05,Website,40,4921.47,37,2
2023-03-27,Millennials,Urban,Eco,Eco-friendly,Blue,57.38,Instagram,91,1169.69,39,3
2023-03-27,Millennials,Urban,Eco,Plastic,Black,70.96,TikTok,87,4908.03,18,4
2023-03-27,Millennials,Suburban,Tech,Eco-friendly,Gold,55.35,Etsy,74,2690.52,50,7
2023-03-28,Millennials,Rural,Eco,Eco-friendly,Green,72.18,TikTok,85,3210.83,24,4
2023-04-01,Gen Z,Rural,Standard,Metal,Gold,50.09,TikTok,42,2098.82,49,4
2023-04-02,Gen X,Suburban,Premium,Hybrid,Gold,60.61,Instagram,32,2143.03,25,2
2023-04-02,Gen Z,Urban,Standard,Metal,Green,108.14,Instagram,41,3788.84,38,8
2023-04-02,Gen X,Suburban,Eco,Hybrid,Green,86.69,Instagram,76,4882.71,25,1
2023-04-05,Millennials,Urban,Tech,Hybrid,Green,80.99,Website,87,1986.41,31,8
2023-04-05,Gen Z,Rural,Eco,Plastic,Black,109.69,Instagram,52,1054.98,38,9
2023-04-05,Gen X,Rural,Tech,Metal,Black,100.64,TikTok,50,3704.11,47,5
2023-04-06,Millennials,Urban,Eco,Eco-friendly,Green,58.24,Website,82,4924.57,35,2
2023-04-08,Millennials,Rural,Tech,Plastic,Green,100.76,Instagram,72,3620.69,39,6
2023-04-09,Gen Z,Suburban,Eco,Eco-friendly,Blue,78.16,Website,78,1060.44,28,7
2023-04-09,Gen X,Suburban,Standard,Plastic,Red,56.21,Website,54,2790.69,20,3
2023-04-09,Gen X,Urban,Standard,Plastic,Black,89.05,Etsy,49,3690.81,46,3
2023-04-09,Gen X,Suburban,Eco,Hybrid,Black,94.32,Instagram,68,4035.11,29,6
2023-04-09,Millennials,Rural,Premium,Hybrid,Red,108.8,Etsy,50,2614.4,48,2
2023-04-10,Gen Z,Urban,Tech,Metal,Blue,67.04,Instagram,75,4892.31,52,6
2023-04-10,Gen Z,Rural,Premium,Hybrid,Gold,102.45,TikTok,46,2570.92,49,5
2023-04-10,Millennials,Urban,Premium,Hybrid,Blue,101.27,Instagram,40,2169.53,52,6
2023-04-11,Millennials,Suburban,Standard,Metal,Blue,54.9,TikTok,70,4244.5,46,8
2023-04-12,Gen X,Rural,Premium,Eco-friendly,Red,109.36,Instagram,44,1453.21,32,3
2023-04-13,Gen X,Suburban,Eco,Metal,Gold,68.58,TikTok,41,3326.49,33,5
2023-04-13,Gen X,Urban,Eco,Eco-friendly,Red,66.29,Etsy,53,2412.2,40,9
2023-04-13,Millennials,Rural,Premium,Hybrid,Blue,98.41,Website,88,3320.36,43,5
2023-04-13,Gen X,Urban,Tech,Plastic,Green,115.55,Etsy,83,4803.71,40,5
2023-04-13,Gen X,Urban,Standard,Hybrid,Red,64.82,Etsy,25,1407.21,33,3
2023-04-13,Gen X,Rural,Standard,Metal,Black,96.64,Website,49,2591.35,46,5
2023-04-15,Millennials,Rural,Premium,Eco-friendly,Red,105.58,Etsy,56,4351.63,47,6
2023-04-15,Gen Z,Rural,Premium,Hybrid,Black,118.58,TikTok,48,3357.82,32,2
2023-04-16,Gen Z,Urban,Tech,Hybrid,Green,65.46,Etsy,72,4576.38,35,2
2023-04-16,Gen Z,Urban,Tech,Hybrid,Green,90.63,Website,31,3523.69,43,6
2023-04-18,Gen Z,Rural,Premium,Plastic,Black,97.31,Instagram,85,1912.94,49,9
2023-04-18,Millennials,Urban,Eco,Metal,Green,54.09,Website,66,2831.98,39,2
2023-04-19,Gen X,Urban,Eco,Plastic,Black,51.24,TikTok,34,3256.3,53,2
2023-04-19,Gen X,Rural,Standard,Eco-friendly,Black,96.11,Website,67,3652.19,19,5
2023-04-19,Gen Z,Urban,Premium,Eco-friendly,Red,81.03,Etsy,26,3177.99,52,3
2023-04-21,Gen X,Urban,Eco,Metal,Black,65.2,TikTok,47,1307.92,27,1
2023-04-22,Gen Z,Urban,Tech,Plastic,Red,74.8,Website,63,3364.52,45,7
2023-04-22,Gen X,Rural,Standard,Hybrid,Black,87.78,Etsy,84,3873.32,36,5
2023-04-22,Millennials,Suburban,Eco,Metal,Blue,117.19,Etsy,75,3804.68,28,7
2023-04-24,Millennials,Urban,Eco,Eco-friendly,Green,105.04,TikTok,56,4840.54,30,9
2023-04-24,Gen Z,Urban,Eco,Eco-friendly,Green,73.92,Instagram,94,2038.17,49,6
2023-04-25,Millennials,Suburban,Tech,Eco-friendly,Gold,85.68,Website,52,3489.37,29,7
2023-04-26,Gen X,Urban,Premium,Plastic,Blue,68.62,Etsy,31,1000.05,39,6
2023-04-26,Gen Z,Rural,Eco,Plastic,Gold,92.45,Website,75,1381.6,26,3
2023-04-26,Gen Z,Rural,Eco,Plastic,Gold,71.06,TikTok,43,4227.86,43,4
2023-04-27,Gen Z,Urban,Tech,Metal,Blue,111.4,Website,53,2329.82,25,9
2023-04-28,Millennials,Urban,Tech,Hybrid,Green,72.56,Instagram,66,4788.36,22,6
2023-04-28,Millennials,Urban,Eco,Metal,Green,114.58,Instagram,97,3467.13,36,1
2023-04-28,Gen Z,Rural,Standard,Hybrid,Green,95.79,Instagram,40,1818.72,49,9
2023-04-28,Gen Z,Suburban,Standard,Plastic,Red,83.66,Etsy,87,1990.24,26,3
2023-05-01,Gen Z,Suburban,Tech,Hybrid,Blue,69.45,Instagram,72,1795.97,24,3
2023-05-02,Millennials,Urban,Eco,Hybrid,Red,54.81,TikTok,62,3857.31,27,4
2023-05-03,Gen Z,Suburban,Premium,Plastic,Black,65.83,Instagram,62,2231.18,54,6
2023-05-04,Gen X,Suburban,Tech,Plastic,Blue,50.94,Website,32,3951.67,43,5
2023-05-04,Gen Z,Rural,Eco,Metal,Gold,98.68,Website,27,4531.98,35,4
2023-05-04,Gen X,Suburban,Standard,Metal,Black,119.47,Etsy,55,1717.02,36,1
2023-05-04,Gen X,Urban,Premium,Hybrid,Black,72.23,TikTok,23,3649.74,52,1
2023-05-06,Gen X,Suburban,Standard,Plastic,Blue,71.96,Etsy,67,3915.45,25,2
2023-05-07,Gen Z,Rural,Premium,Hybrid,Green,65.78,Instagram,53,3440.03,45,4
2023-05-08,Millennials,Suburban,Eco,Eco-friendly,Red,107.76,Instagram,63,3720.45,19,5
2023-05-08,Millennials,Rural,Tech,Hybrid,Red,106.75,Instagram,60,2216.79,22,8
2023-05-08,Gen Z,Suburban,Standard,Metal,Green,74.92,Instagram,66,4435.27,30,6
2023-05-09,Gen Z,Urban,Standard,Eco-friendly,Red,82.32,Website,36,2083.23,33,3
2023-05-09,Gen X,Rural,Tech,Plastic,Red,105.09,TikTok,61,3012.53,47,8
2023-05-10,Gen X,Urban,Eco,Eco-friendly,Blue,110.53,TikTok,24,1218.54,49,1
2023-05-11,Gen Z,Suburban,Tech,Hybrid,Blue,57.84,TikTok,78,1775.45,35,2
2023-05-11,Millennials,Rural,Standard,Eco-friendly,Gold,90.22,Instagram,26,3085.84,32,4
2023-05-11,Gen X,Rural,Tech,Plastic,Red,99.21,Instagram,94,2251.63,53,4
2023-05-12,Gen Z,Rural,Eco,Hybrid,Red,91.05,Website,29,3856.21,49,7
2023-05-12,Gen X,Urban,Premium,Hybrid,Black,69.17,TikTok,27,4868.14,22,5
2023-05-12,Millennials,Rural,Standard,Hybrid,Red,117.47,Instagram,43,1284.63,24,4
2023-05-12,Millennials,Urban,Eco,Plastic,Red,101.92,Instagram,74,3685.92,37,4
2023-05-12,Millennials,Rural,Premium,Plastic,Black,93.26,Instagram,56,3066.79,19,8
2023-05-12,Gen X,Suburban,Premium,Metal,Black,54.38,Etsy,28,2596.14,41,4
2023-05-14,Millennials,Rural,Eco,Metal,Blue,105.45,Etsy,70,2905.34,18,8
2023-05-14,Millennials,Rural,Premium,Plastic,Red,76.98,Website,51,3627.02,51,7
2023-05-14,Gen X,Rural,Standard,Metal,Red,63.42,Website,54,4672.96,28,7
2023-05-15,Gen X,Urban,Tech,Eco-friendly,Gold,73.68,TikTok,66,1637.97,30,4
2023-05-15,Millennials,Urban,Standard,Hybrid,Blue,93.33,Etsy,27,3774.47,23,1
2023-05-15,Gen Z,Suburban,Standard,Plastic,Blue,68.85,TikTok,79,4331.32,29,7
2023-05-16,Gen Z,Urban,Premium,Metal,Green,53.35,TikTok,54,3837.28,28,1
2023-05-16,Gen X,Suburban,Standard,Metal,Green,51.54,Etsy,56,4526.76,50,2
2023-05-16,Gen Z,Urban,Tech,Plastic,Gold,112.92,Etsy,61,3915.92,46,8
2023-05-17,Gen X,Rural,Standard,Plastic,Red,68.98,TikTok,58,2552.66,30,1
2023-05-18,Gen X,Rural,Eco,Metal,Black,58.9,TikTok,30,3090.04,38,6
2023-05-18,Millennials,Rural,Eco,Metal,Gold,73.97,Instagram,36,3485.17,19,7
2023-05-19,Gen X,Urban,Eco,Metal,Red,73.78,Instagram,26,3993.42,34,4
2023-05-19,Millennials,Suburban,Eco,Metal,Blue,60.15,Website,29,2638.68,37,6
2023-05-19,Millennials,Urban,Tech,Plastic,Red,104.63,Website,69,3414.55,41,1
2023-05-20,Gen Z,Rural,Eco,Eco-friendly,Black,56.56,Website,75,2731.07,39,8
2023-05-20,Gen Z,Rural,Premium,Eco-friendly,Green,58.96,Etsy,73,1087.65,20,6
2023-05-20,Gen X,Suburban,Standard,Eco-friendly,Green,50.13,Etsy,98,2189.16,54,5
2023-05-21,Gen Z,Rural,Premium,Plastic,Gold,72.55,TikTok,37,1619.31,39,4
2023-05-21,Gen X,Suburban,Standard,Hybrid,Blue,59.19,Instagram,66,3177.02,54,5
2023-05-22,Millennials,Suburban,Standard,Eco-friendly,Green,95.62,Website,39,1904.5,32,3
2023-05-22,Gen X,Urban,Tech,Plastic,Green,77.04,TikTok,94,4607.76,27,2
2023-05-23,Gen X,Urban,Tech,Eco-friendly,Green,118.32,TikTok,99,4228.28,27,7
2023-05-24,Millennials,Suburban,Tech,Metal,Red,104.61,TikTok,36,4353.97,42,2
2023-05-24,Gen X,Suburban,Premium,Metal,Green,76.14,TikTok,48,1061.58,28,4
2023-05-25,Millennials,Suburban,Premium,Eco-friendly,Green,115.97,Website,53,4170.38,45,3
2023-05-27,Millennials,Urban,Tech,Plastic,Blue,110.17,Etsy,31,1921.67,42,1
2023-05-27,Millennials,Suburban,Standard,Eco-friendly,Gold,102.47,Website,51,2690.91,29,6
2023-05-27,Gen Z,Urban,Standard,Metal,Gold,94.63,Website,70,1033.28,48,7
2023-05-27,Gen Z,Rural,Premium,Metal,Red,50.77,Instagram,42,3818.22,37,5
2023-05-28,Gen X,Suburban,Tech,Plastic,Green,61.95,Instagram,78,4467.08,27,8
2023-06-01,Gen X,Rural,Tech,Hybrid,Green,105.42,Instagram,73,2415.16,25,3
2023-06-02,Gen Z,Urban,Premium,Eco-friendly,Gold,88.16,Instagram,54,2239.23,41,2
2023-06-03,Gen X,Urban,Premium,Eco-friendly,Blue,67.4,TikTok,32,1276.03,39,9
2023-06-04,Gen X,Rural,Tech,Metal,Green,79.7,Etsy,86,2846.86,36,2
2023-06-04,Millennials,Rural,Tech,Metal,Red,53.26,Website,27,1993.53,33,2
2023-06-04,Gen Z,Urban,Tech,Hybrid,Green,102.72,Website,33,3286.98,32,6
2023-06-05,Gen X,Rural,Premium,Hybrid,Gold,51.4,Website,55,2782.17,46,9
2023-06-05,Gen X,Urban,Eco,Metal,Blue,98.84,Website,66,1365.57,26,5
2023-06-05,Millennials,Urban,Eco,Eco-friendly,Red,118.64,Instagram,44,1999.83,25,4
2023-06-08,Millennials,Rural,Eco,Metal,Gold,102.37,TikTok,23,4485.66,34,6
2023-06-08,Gen X,Urban,Standard,Eco-friendly,Green,91.01,TikTok,74,1968.09,34,4
2023-06-10,Gen X,Rural,Standard,Hybrid,Green,86.45,TikTok,49,2537.42,42,2
2023-06-10,Gen X,Rural,Tech,Metal,Red,108.94,Website,91,1821.33,36,6
2023-06-10,Gen Z,Suburban,Standard,Eco-friendly,Gold,116.94,TikTok,36,3917.38,24,8
2023-06-12,Gen Z,Urban,Eco,Plastic,Blue,91.9,Instagram,44,4881.03,35,4
2023-06-12,Gen X,Urban,Tech,Eco-friendly,Green,100.5,Website,48,1650.8,28,9
2023-06-12,Gen Z,Suburban,Eco,Hybrid,Gold,72.58,Website,54,1048.41,47,2
2023-06-13,Gen Z,Rural,Standard,Plastic,Green,57.15,Website,45,1897.17,35,6
2023-06-13,Millennials,Urban,Eco,Hybrid,Blue,62.49,Etsy,41,1368.27,37,8
2023-06-14,Gen Z,Suburban,Premium,Hybrid,Black,85.43,Instagram,94,1179.65,26,6
2023-06-16,Millennials,Rural,Tech,Hybrid,Green,108.29,Etsy,74,3951.54,47,3
2023-06-16,Gen X,Rural,Standard,Eco-friendly,Red,68.25,Website,43,4914.1,40,8
2023-06-17,Gen X,Suburban,Eco,Eco-friendly,Blue,62.44,Website,87,2746.46,34,7
2023-06-17,Millennials,Rural,Tech,Eco-friendly,Blue,75.98,Instagram,94,2473.8,45,7
2023-06-18,Millennials,Urban,Standard,Plastic,Black,50.73,TikTok,85,2381.37,37,8
2023-06-19,Gen X,Suburban,Eco,Hybrid,Blue,52.49,Instagram,38,2061.3,48,8
2023-06-19,Millennials,Rural,Premium,Metal,Green,89.34,TikTok,55,2710.41,49,3
2023-06-19,Millennials,Suburban,Eco,Hybrid,Gold,87.71,Etsy,38,1717.46,48,6
2023-06-19,Millennials,Suburban,Standard,Hybrid,Green,77.21,Etsy,56,4268.51,28,8
2023-06-20,Millennials,Rural,Standard,Eco-friendly,Black,50.02,Instagram,78,2004.01,43,4
2023-06-21,Gen Z,Suburban,Eco,Metal,Blue,88.08,Instagram,28,4461.18,32,3
2023-06-22,Gen Z,Urban,Standard,Eco-friendly,Red,59.37,Website,30,4763.14,27,1
2023-06-22,Gen Z,Rural,Standard,Plastic,Green,78.08,Instagram,93,1901.53,26,6
2023-06-23,Gen X,Suburban,Standard,Eco-friendly,Red,63.58,TikTok,58,2673.34,33,5
2023-06-24,Gen Z,Rural,Premium,Metal,Red,70.81,Website,48,1144.08,47,4
2023-06-25,Gen X,Suburban,Tech,Metal,Blue,96.87,Website,33,1587.85,18,6
2023-06-26,Gen Z,Urban,Eco,Plastic,Black,67.06,Website,72,4374.6,24,3
2023-06-27,Millennials,Suburban,Standard,Metal,Black,62.69,Instagram,23,3594.02,25,6
2023-07-01,Gen Z,Suburban,Tech,Metal,Green,95.9,Website,22,4570.23,20,8
2023-07-02,Gen X,Urban,Tech,Metal,Blue,116.7,TikTok,69,1474.01,54,4
2023-07-02,Gen Z,Suburban,Premium,Eco-friendly,Red,62.16,TikTok,70,4785.83,49,1
2023-07-03,Gen Z,Suburban,Eco,Metal,Gold,85.71,Instagram,31,2003.57,46,4
2023-07-03,Gen X,Urban,Eco,Plastic,Gold,92.18,Instagram,49,2434.31,54,5
2023-07-04,Gen Z,Suburban,Standard,Eco-friendly,Gold,60.45,TikTok,40,2666.26,23,1
2023-07-04,Gen X,Urban,Tech,Metal,Black,93.96,TikTok,66,1989.36,20,3
2023-07-06,Millennials,Suburban,Eco,Eco-friendly,Green,67.71,Website,81,3850.49,29,5
2023-07-06,Gen X,Urban,Premium,Eco-friendly,Blue,111.7,TikTok,46,3529.13,33,2
2023-07-07,Gen Z,Rural,Tech,Metal,Gold,99.42,TikTok,92,3930.93,24,3
2023-07-07,Millennials,Urban,Premium,Hybrid,Blue,65.92,Etsy,42,3278.16,19,4
2023-07-09,Millennials,Urban,Eco,Eco-friendly,Blue,73.35,Website,60,1031.37,22,1
2023-07-10,Gen X,Urban,Premium,Eco-friendly,Blue,83.2,Etsy,38,2522.07,38,2
2023-07-11,Millennials,Urban,Premium,Eco-friendly,Red,80.0,TikTok,79,4811.26,42,9
2023-07-11,Gen X,Suburban,Eco,Plastic,Black,103.67,Instagram,59,1070.21,39,8
2023-07-11,Gen Z,Suburban,Eco,Eco-friendly,Green,107.76,Website,34,1726.46,44,6
2023-07-13,Gen X,Suburban,Standard,Metal,Red,115.96,Instagram,32,3055.42,32,3
2023-07-13,Millennials,Suburban,Tech,Plastic,Gold,87.98,Instagram,31,2427.54,25,1
2023-07-13,Gen Z,Urban,Premium,Metal,Red,95.04,Etsy,33,4874.15,37,8
2023-07-13,Gen Z,Urban,Premium,Plastic,Green,81.98,Instagram,46,4669.94,30,1
2023-07-14,Gen Z,Rural,Tech,Eco-friendly,Green,89.06,Etsy,27,4777.79,47,9
2023-07-14,Millennials,Suburban,Standard,Eco-friendly,Green,76.27,Website,72,3074.8,34,2
2023-07-14,Gen X,Suburban,Premium,Hybrid,Black,109.6,Etsy,25,4150.2,38,7
2023-07-14,Gen Z,Rural,Eco,Plastic,Black,114.42,Etsy,90,3937.78,37,7
2023-07-15,Gen Z,Rural,Tech,Metal,Blue,91.7,Website,48,2462.72,25,8
2023-07-16,Gen Z,Urban,Eco,Metal,Red,88.38,Instagram,47,2775.68,27,4
2023-07-17,Gen X,Rural,Tech,Eco-friendly,Gold,117.01,TikTok,57,1914.71,48,7
2023-07-18,Gen X,Rural,Eco,Plastic,Black,111.59,Etsy,84,4003.76,44,5
2023-07-19,Millennials,Suburban,Standard,Metal,Green,105.32,Instagram,36,2637.65,32,6
2023-07-19,Gen Z,Rural,Tech,Eco-friendly,Red,104.78,Etsy,40,4509.88,43,4
2023-07-20,Millennials,Suburban,Eco,Eco-friendly,Blue,112.26,TikTok,72,4016.99,52,1
2023-07-21,Gen Z,Suburban,Standard,Metal,Red,60.77,TikTok,30,2428.12,26,7
2023-07-21,Gen Z,Rural,Standard,Plastic,Blue,58.39,Etsy,73,1175.6,26,4
2023-07-22,Gen X,Suburban,Tech,Plastic,Red,94.81,Instagram,92,3543.82,51,9
2023-07-22,Gen Z,Urban,Standard,Metal,Black,84.06,Instagram,68,3390.67,49,5
2023-07-24,Gen Z,Urban,Premium,Plastic,Green,76.78,Website,40,2731.26,45,4
2023-07-25,Gen Z,Suburban,Tech,Metal,Blue,82.21,Website,95,1410.27,30,5
2023-07-25,Gen X,Suburban,Premium,Plastic,Green,96.13,TikTok,91,3335.09,47,4
2023-07-25,Gen X,Urban,Tech,Plastic,Green,66.28,TikTok,64,4044.03,45,4
2023-07-26,Gen Z,Rural,Standard,Plastic,Black,92.15,Instagram,76,4786.93,54,7
2023-07-27,Gen X,Suburban,Tech,Plastic,Gold,104.77,TikTok,83,4446.76,36,8
2023-07-28,Gen Z,Rural,Eco,Plastic,Green,68.54,TikTok,21,4851.07,45,8
2023-07-28,Gen X,Suburban,Premium,Eco-friendly,Black,78.94,Instagram,53,2336.2,54,3
2023-08-03,Gen Z,Urban,Standard,Eco-friendly,Red,67.99,Website,51,4415.14,36,8
2023-08-03,Gen X,Urban,Premium,Hybrid,Green,89.66,Website,87,4909.23,37,8
2023-08-03,Millennials,Rural,Eco,Eco-friendly,Red,92.23,Etsy,95,4770.9,28,1
2023-08-03,Millennials,Urban,Premium,Metal,Red,88.51,Etsy,34,3819.48,40,2
2023-08-04,Gen Z,Urban,Tech,Metal,Red,57.4,Instagram,66,3644.06,33,7
2023-08-05,Gen Z,Urban,Tech,Plastic,Gold,60.96,TikTok,86,4355.99,28,5
2023-08-05,Millennials,Suburban,Premium,Eco-friendly,Green,70.34,Etsy,72,3213.48,46,2
2023-08-06,Gen Z,Urban,Eco,Eco-friendly,Gold,77.47,Etsy,89,1005.9,46,5
2023-08-06,Gen Z,Rural,Eco,Plastic,Green,113.27,Instagram,56,1324.6,33,4
2023-08-07,Gen X,Urban,Tech,Plastic,Red,55.78,TikTok,73,4683.98,42,3
2023-08-07,Gen Z,Urban,Standard,Metal,Red,92.9,Website,48,4157.17,30,8
2023-08-07,Gen X,Suburban,Standard,Metal,Gold,105.15,TikTok,86,1967.91,36,1
2023-08-07,Gen Z,Urban,Premium,Plastic,Green,68.61,Instagram,73,1150.28,25,8
2023-08-07,Millennials,Suburban,Tech,Metal,Blue,107.06,TikTok,32,2728.08,52,1
2023-08-08,Gen X,Suburban,Standard,Metal,Red,57.56,TikTok,53,3696.08,20,7
2023-08-08,Millennials,Rural,Eco,Eco-friendly,Red,97.61,TikTok,22,2039.62,51,3
2023-08-09,Gen Z,Suburban,Standard,Eco-friendly,Black,97.0,TikTok,54,4200.01,18,4
2023-08-09,Gen X,Suburban,Eco,Metal,Red,73.61,Instagram,34,4140.76,31,1
2023-08-09,Gen X,Urban,Standard,Plastic,Gold,52.98,Etsy,83,2129.89,50,6
2023-08-12,Gen Z,Rural,Premium,Metal,Black,51.11,Etsy,38,2895.24,51,8
2023-08-12,Gen X,Suburban,Tech,Metal,Black,59.32,Website,38,4867.38,30,3
2023-08-14,Gen X,Urban,Eco,Eco-friendly,Red,83.92,Etsy,87,3023.83,25,8
2023-08-14,Millennials,Suburban,Standard,Metal,Blue,107.76,TikTok,88,2155.54,36,6
2023-08-14,Gen Z,Suburban,Eco,Plastic,Gold,68.77,Instagram,64,4149.55,45,4
2023-08-14,Gen X,Suburban,Eco,Plastic,Black,97.67,TikTok,38,4343.3,49,5
2023-08-14,Gen Z,Suburban,Premium,Metal,Green,108.05,Etsy,50,2923.56,34,4
2023-08-15,Gen Z,Rural,Premium,Metal,Green,100.96,Website,64,1048.63,47,9
2023-08-16,Millennials,Urban,Eco,Plastic,Gold,116.0,TikTok,71,3967.59,25,6
2023-08-16,Gen Z,Urban,Standard,Metal,Green,56.51,TikTok,79,4172.57,46,8
2023-08-19,Gen Z,Rural,Tech,Eco-friendly,Black,105.1,Website,92,3153.33,30,1
2023-08-19,Gen X,Urban,Standard,Plastic,Black,90.4,Instagram,50,3741.78,37,9
2023-08-20,Gen Z,Urban,Premium,Hybrid,Gold,96.49,TikTok,47,2417.7,19,5
2023-08-21,Millennials,Urban,Premium,Plastic,Black,81.21,Etsy,52,2936.31,27,8
2023-08-21,Gen Z,Urban,Tech,Plastic,Gold,94.52,Website,53,1629.09,29,5
2023-08-21,Millennials,Rural,Standard,Metal,Blue,53.06,Website,84,1045.67,49,6
2023-08-22,Gen X,Urban,Tech,Plastic,Black,56.83,TikTok,66,4764.48,34,7
2023-08-23,Gen Z,Urban,Standard,Eco-friendly,Blue,91.79,Instagram,37,1262.78,34,9
2023-08-25,Gen X,Suburban,Eco,Plastic,Red,62.49,TikTok,52,3585.83,34,1
2023-08-25,Gen Z,Rural,Tech,Metal,Green,69.29,TikTok,28,3337.8,42,1
2023-08-26,Gen Z,Suburban,Premium,Eco-friendly,Gold,54.52,Website,38,3156.38,29,6
2023-08-27,Gen X,Urban,Standard,Hybrid,Red,69.44,Etsy,69,2428.48,20,1
2023-09-02,Millennials,Urban,Tech,Plastic,Black,118.19,Etsy,37,1663.0,18,1
2023-09-02,Gen Z,Suburban,Eco,Metal,Black,107.95,Instagram,40,1224.7,46,1
2023-09-02,Gen X,Urban,Premium,Plastic,Gold,115.12,Website,52,2301.18,37,2
2023-09-04,Gen Z,Suburban,Eco,Plastic,Red,100.72,Website,55,3989.78,53,1
2023-09-06,Gen Z,Rural,Premium,Eco-friendly,Black,78.66,Website,81,3002.41,20,7
2023-09-07,Gen Z,Rural,Premium,Metal,Gold,66.73,TikTok,76,1292.33,23,8
2023-09-07,Millennials,Suburban,Tech,Eco-friendly,Blue,58.73,Instagram,39,2149.85,24,7
2023-09-07,Gen Z,Rural,Premium,Hybrid,Black,102.21,Website,60,1810.53,41,2
2023-09-08,Gen Z,Suburban,Premium,Metal,Gold,118.69,Website,57,2838.66,33,6
2023-09-09,Gen X,Suburban,Premium,Metal,Black,64.21,Instagram,36,3893.79,34,9
2023-09-09,Gen Z,Suburban,Eco,Plastic,Gold,78.28,Instagram,36,3142.22,40,2
2023-09-10,Gen Z,Suburban,Premium,Eco-friendly,Red,85.6,Etsy,82,3406.22,31,8
2023-09-11,Gen Z,Urban,Standard,Plastic,Gold,74.21,Website,37,2770.18,25,1
2023-09-11,Millennials,Urban,Standard,Plastic,Green,78.34,Website,65,2990.16,47,6
2023-09-12,Gen X,Suburban,Tech,Metal,Blue,99.02,TikTok,79,3550.75,30,5
2023-09-12,Gen X,Urban,Premium,Metal,Blue,103.07,Website,35,3930.8,19,5
2023-09-12,Gen Z,Suburban,Standard,Metal,Blue,83.04,Instagram,90,3971.53,30,7
2023-09-12,Millennials,Urban,Standard,Hybrid,Red,63.38,Etsy,63,2040.95,21,9
2023-09-13,Gen X,Rural,Premium,Plastic,Black,56.22,Etsy,33,1441.73,30,9
2023-09-14,Gen X,Urban,Premium,Metal,Green,93.15,Etsy,26,1100.77,31,7
2023-09-15,Gen X,Rural,Standard,Plastic,Blue,111.13,Website,75,4631.6,35,8
2023-09-16,Gen Z,Rural,Standard,Plastic,Gold,87.77,Instagram,96,4624.35,37,3
2023-09-17,Millennials,Urban,Standard,Metal,Black,118.57,Website,73,4057.76,38,5
2023-09-19,Millennials,Suburban,Premium,Metal,Black,74.84,Instagram,80,2477.12,20,6
2023-09-21,Gen Z,Suburban,Eco,Plastic,Green,104.68,Instagram,42,4267.12,48,4
2023-09-21,Gen X,Suburban,Tech,Metal,Green,61.68,TikTok,82,3494.6,54,4
2023-09-22,Gen Z,Suburban,Premium,Metal,Green,74.05,Website,70,1563.21,50,2
2023-09-23,Gen X,Urban,Tech,Eco-friendly,Red,83.1,Website,31,1005.41,49,7
2023-09-23,Millennials,Suburban,Eco,Eco-friendly,Blue,65.92,Website,22,3060.02,44,7
2023-09-23,Gen Z,Urban,Tech,Plastic,Blue,101.6,Website,64,1836.74,39,4
2023-09-24,Millennials,Suburban,Eco,Metal,Gold,102.04,Website,79,2618.11,53,4
2023-09-25,Gen Z,Urban,Eco,Eco-friendly,Blue,100.7,Etsy,51,4121.46,47,7
2023-09-25,Gen X,Rural,Tech,Metal,Gold,53.12,Etsy,50,1273.83,48,7
2023-09-26,Millennials,Urban,Tech,Hybrid,Red,91.5,Etsy,47,3696.52,18,3
2023-09-27,Gen Z,Urban,Eco,Eco-friendly,Gold,115.29,Instagram,88,1888.3,32,1
2023-09-27,Gen X,Rural,Standard,Plastic,Gold,113.66,Website,61,4805.96,21,2
2023-09-28,Gen X,Urban,Eco,Metal,Blue,83.71,Etsy,87,2326.26,30,8
2023-09-28,Millennials,Urban,Premium,Hybrid,Green,64.69,Website,88,3804.56,39,2
2023-10-01,Gen X,Urban,Premium,Metal,Gold,63.92,Website,55,4503.53,37,1
2023-10-01,Millennials,Rural,Premium,Plastic,Red,116.29,Instagram,93,1281.97,30,9
2023-10-02,Gen X,Urban,Eco,Plastic,Green,50.89,TikTok,20,4450.56,39,3
2023-10-04,Millennials,Suburban,Eco,Metal,Black,108.23,TikTok,29,3313.19,27,3
2023-10-06,Millennials,Rural,Eco,Eco-friendly,Blue,104.79,Etsy,36,4801.84,32,5
2023-10-07,Gen Z,Rural,Standard,Eco-friendly,Blue,118.74,Instagram,25,3350.34,40,6
2023-10-08,Millennials,Suburban,Tech,Plastic,Green,67.88,Etsy,60,2342.44,36,7
2023-10-08,Gen Z,Urban,Eco,Hybrid,Green,82.34,Etsy,86,3857.7,49,7
2023-10-08,Gen Z,Rural,Standard,Hybrid,Gold,76.32,Website,20,1939.89,35,6
2023-10-08,Millennials,Rural,Standard,Plastic,Black,112.71,Website,76,3248.29,45,3
2023-10-09,Millennials,Urban,Eco,Eco-friendly,Gold,115.61,Etsy,44,2835.76,36,5
2023-10-11,Gen X,Suburban,Standard,Metal,Red,59.65,TikTok,72,1302.33,49,8
2023-10-11,Gen X,Suburban,Premium,Eco-friendly,Gold,116.52,Website,56,2737.61,29,4
2023-10-13,Millennials,Suburban,Eco,Eco-friendly,Red,60.48,Website,38,2173.23,26,3
2023-10-13,Millennials,Suburban,Tech,Hybrid,Black,59.89,TikTok,93,3260.34,48,5
2023-10-13,Gen X,Rural,Eco,Hybrid,Green,79.68,Etsy,95,4092.57,46,4
2023-10-14,Gen X,Urban,Premium,Plastic,Gold,93.2,TikTok,94,3489.65,36,6
2023-10-14,Gen X,Suburban,Standard,Eco-friendly,Gold,57.98,TikTok,27,1652.14,29,5
2023-10-14,Millennials,Urban,Premium,Hybrid,Gold,92.84,Instagram,85,1273.41,43,7
2023-10-15,Millennials,Rural,Premium,Hybrid,Red,69.58,Instagram,58,1760.43,32,2
2023-10-18,Gen X,Urban,Premium,Metal,Green,71.86,Website,64,4896.78,38,9
2023-10-19,Gen Z,Suburban,Tech,Eco-friendly,Blue,109.72,TikTok,28,3520.99,51,8
2023-10-19,Millennials,Rural,Tech,Eco-friendly,Green,107.31,TikTok,37,2995.58,44,7
2023-10-19,Gen X,Rural,Tech,Eco-friendly,Black,65.95,TikTok,40,2096.29,19,9
2023-10-21,Millennials,Rural,Eco,Metal,Blue,76.0,Instagram,30,2700.91,45,3
2023-10-23,Gen X,Suburban,Tech,Eco-friendly,Gold,113.39,Website,60,4965.31,36,5
2023-10-25,Gen Z,Rural,Eco,Metal,Red,61.26,Instagram,86,2495.68,43,9
2023-10-27,Gen Z,Urban,Standard,Hybrid,Green,111.77,Etsy,70,3362.55,32,7
2023-11-01,Gen Z,Rural,Eco,Metal,Red,54.42,TikTok,60,3846.89,47,8
2023-11-03,Millennials,Urban,Standard,Metal,Red,80.12,Website,96,1700.89,29,1
2023-11-03,Millennials,Urban,Standard,Hybrid,Black,74.24,Instagram,51,3374.24,39,8
2023-11-04,Gen Z,Suburban,Eco,Metal,Red,77.92,Etsy,37,1801.13,23,8
2023-11-04,Gen X,Suburban,Standard,Hybrid,Red,77.54,Etsy,84,3010.52,48,8
2023-11-05,Gen Z,Suburban,Standard,Eco-friendly,Red,97.01,Etsy,49,4924.77,31,3
2023-11-06,Millennials,Rural,Eco,Metal,Green,65.77,Etsy,60,4730.84,34,7
2023-11-06,Gen X,Urban,Eco,Eco-friendly,Blue,104.03,Website,47,4745.12,23,2
2023-11-09,Millennials,Suburban,Premium,Plastic,Black,63.32,TikTok,21,2162.02,46,5
2023-11-09,Millennials,Rural,Tech,Plastic,Red,77.37,Etsy,56,4029.24,46,3
2023-11-09,Millennials,Rural,Premium,Eco-friendly,Gold,71.77,Instagram,49,2111.41,41,7
2023-11-09,Millennials,Rural,Premium,Metal,Green,61.15,Etsy,98,4979.28,28,8
2023-11-10,Gen X,Rural,Tech,Hybrid,Blue,80.02,Instagram,73,4581.38,47,2
2023-11-10,Gen X,Rural,Eco,Hybrid,Gold,69.79,Etsy,32,3085.8,31,4
2023-11-10,Gen Z,Rural,Eco,Plastic,Gold,69.3,Website,35,4683.07,25,1
2023-11-12,Millennials,Urban,Premium,Plastic,Blue,107.31,TikTok,59,4831.16,45,7
2023-11-13,Gen X,Rural,Standard,Hybrid,Black,76.66,Website,67,2747.98,25,9
2023-11-13,Millennials,Urban,Eco,Plastic,Blue,85.08,Etsy,75,1646.69,46,3
2023-11-14,Gen Z,Rural,Eco,Metal,Green,80.37,Website,58,1226.34,46,7
2023-11-15,Gen X,Suburban,Standard,Metal,Gold,66.16,TikTok,89,2380.77,46,8
2023-11-16,Millennials,Suburban,Eco,Metal,Black,56.43,Website,80,3195.43,43,2
2023-11-16,Gen Z,Urban,Tech,Eco-friendly,Green,94.24,Website,49,4121.5,47,3
2023-11-16,Millennials,Suburban,Tech,Plastic,Green,79.59,TikTok,68,3718.48,32,5
2023-11-17,Millennials,Suburban,Premium,Metal,Blue,78.85,TikTok,50,4731.7,33,5
2023-11-17,Gen X,Suburban,Premium,Eco-friendly,Black,71.61,Instagram,72,1641.85,37,2
2023-11-17,Gen Z,Suburban,Eco,Eco-friendly,Gold,63.28,Etsy,56,2328.76,40,1
2023-11-18,Gen Z,Suburban,Standard,Plastic,Black,101.96,Website,72,2105.28,26,7
2023-11-18,Gen X,Urban,Tech,Metal,Green,77.1,Instagram,82,1828.3,53,7
2023-11-18,Gen X,Rural,Premium,Eco-friendly,Green,94.05,TikTok,36,1606.38,54,5
2023-11-19,Millennials,Rural,Premium,Eco-friendly,Gold,77.13,Website,57,2186.24,41,1
2023-11-19,Gen Z,Rural,Standard,Hybrid,Blue,103.8,Etsy,92,1199.92,33,7
2023-11-20,Millennials,Urban,Premium,Plastic,Blue,65.65,Instagram,68,4704.78,45,4
2023-11-22,Gen Z,Urban,Standard,Metal,Black,75.41,Website,35,3830.89,34,8
2023-11-24,Gen X,Rural,Eco,Plastic,Black,53.49,Instagram,31,3691.49,35,2
2023-11-25,Millennials,Suburban,Tech,Metal,Green,55.6,Instagram,23,2486.9,23,9
2023-11-25,Gen Z,Urban,Premium,Plastic,Black,61.57,Website,52,3453.17,32,2
2023-11-25,Gen X,Urban,Premium,Metal,Blue,61.93,Instagram,98,1967.57,42,6
2023-11-28,Gen X,Suburban,Tech,Plastic,Black,94.55,Instagram,57,4778.95,21,9
2023-12-01,Gen X,Rural,Premium,Metal,Black,83.48,Etsy,49,3908.23,51,9
2023-12-02,Gen X,Rural,Tech,Eco-friendly,Red,106.15,Instagram,64,4808.89,52,4
2023-12-02,Gen Z,Urban,Eco,Metal,Green,79.26,TikTok,21,3740.54,32,9
2023-12-02,Millennials,Rural,Premium,Hybrid,Black,65.89,TikTok,70,4939.43,44,4
2023-12-03,Gen X,Suburban,Tech,Plastic,Gold,104.87,TikTok,66,3035.56,52,4
2023-12-04,Gen Z,Rural,Eco,Eco-friendly,Red,57.29,Website,97,3826.52,27,3
2023-12-05,Millennials,Urban,Tech,Hybrid,Blue,108.4,Instagram,24,3618.6,37,6
2023-12-06,Millennials,Urban,Premium,Plastic,Red,72.65,TikTok,47,4084.49,41,9
2023-12-08,Millennials,Urban,Standard,Eco-friendly,Green,62.48,Etsy,68,1370.5,26,3
2023-12-10,Gen Z,Urban,Premium,Hybrid,Gold,117.95,Website,88,1410.06,49,1
2023-12-10,Gen Z,Urban,Eco,Plastic,Gold,81.24,Website,21,1589.21,30,7
2023-12-11,Gen X,Suburban,Eco,Hybrid,Gold,60.71,TikTok,91,3071.84,54,9
2023-12-11,Millennials,Urban,Eco,Metal,Red,56.65,Website,56,2750.65,44,7
2023-12-11,Millennials,Rural,Standard,Plastic,Red,95.23,Website,64,1511.47,18,1
2023-12-12,Millennials,Suburban,Premium,Metal,Red,57.76,Instagram,55,3814.8,28,8
2023-12-12,Millennials,Suburban,Eco,Eco-friendly,Red,62.81,Website,32,3656.88,53,9
2023-12-13,Gen X,Suburban,Premium,Eco-friendly,Red,91.6,Website,65,4673.71,33,9
2023-12-13,Gen Z,Rural,Premium,Metal,Red,53.7,Instagram,95,2084.39,30,3
2023-12-14,Millennials,Rural,Standard,Plastic,Red,85.14,Etsy,71,2074.14,51,8
2023-12-14,Millennials,Urban,Standard,Plastic,Black,52.03,Instagram,49,3396.18,20,5
2023-12-15,Gen X,Urban,Premium,Plastic,Black,77.14,Instagram,96,2069.61,40,5
2023-12-15,Gen Z,Urban,Tech,Eco-friendly,Red,109.28,TikTok,44,4655.15,45,2
2023-12-17,Gen Z,Rural,Tech,Metal,Blue,119.41,Website,78,4036.02,53,2
2023-12-17,Gen X,Suburban,Tech,Plastic,Blue,80.97,Etsy,96,4125.29,20,5
2023-12-17,Millennials,Urban,Eco,Plastic,Gold,86.42,TikTok,83,2632.61,48,6
2023-12-19,Gen Z,Urban,Standard,Eco-friendly,Gold,102.94,TikTok,29,2057.11,46,7
2023-12-21,Gen Z,Urban,Eco,Hybrid,Red,58.77,Website,54,2985.04,22,2
2023-12-21,Gen X,Urban,Eco,Hybrid,Blue,110.53,Instagram,86,4842.51,19,2
2023-12-21,Gen X,Urban,Tech,Plastic,Black,85.48,TikTok,63,4805.72,20,1
2023-12-22,Gen X,Rural,Premium,Metal,Red,101.49,Website,30,2012.41,49,7
2023-12-22,Gen Z,Suburban,Tech,Eco-friendly,Red,58.54,Instagram,46,4017.06,34,8
2023-12-22,Gen X,Urban,Standard,Eco-friendly,Green,83.48,Instagram,86,4973.02,45,4
2023-12-24,Gen Z,Rural,Eco,Hybrid,Gold,106.82,TikTok,97,3566.94,34,3
2023-12-24,Gen X,Rural,Tech,Eco-friendly,Green,100.4,Etsy,43,4256.5,18,8
2023-12-25,Millennials,Urban,Tech,Plastic,Black,96.41,Website,43,4805.69,32,4
2023-12-25,Millennials,Urban,Tech,Eco-friendly,Red,66.51,Etsy,84,2801.02,22,2
2023-12-26,Millennials,Rural,Tech,Metal,Gold,94.66,TikTok,44,4594.24,23,6
2023-12-26,Millennials,Rural,Premium,Eco-friendly,Red,84.95,TikTok,66,4062.19,54,1
2023-12-26,Gen X,Urban,Tech,Hybrid,Black,84.73,Instagram,32,2734.33,51,3
2023-12-28,Gen Z,Rural,Tech,Metal,Black,84.81,Instagram,25,4435.06,38,4
2023-12-28,Millennials,Suburban,Eco,Hybrid,Gold,119.38,Instagram,75,4658.19,30,6
2023-12-28,Gen Z,Suburban,Premium,Hybrid,Blue,106.1,TikTok,46,4359.21,52,6
